V1,V2,V3,V4,V5,V6,V7,V8,V9,V10,V11,V12,V13
35798.95,35978.15,36432.12,36522.035,36428.176,37311.39,36866.78,36919.01,37094.395,36642.773,36987.297,36330.38,36941.63
3570.1377,3604.8433,3638.1833,3674.3633,3609.5635,3735.6267,3672.1636,3697.204,3707.8755,3698.113,3692.9219,3648.1475,3683.58
9622.429,9609.622,9538.383,9586.971,9626.964,9569.086,9550.2,9524.367,9608.626,9636.512,9577.28,9570.638,9642.465
2382.673,2405.029,2406.7803,2403.1807,2390.5027,2422.951,2464.1719,2423.2148,2384.096,2342.913,2295.7815,2447.4192,2300.069
1443.1232,1576.7847,1579.3875,1622.8809,1680.8077,1782.9277,1899.2649,1855.3376,1764.638,1761.0347,1691.5862,1883.3389,1801.3032
503.66608,547.6473,585.4298,601.51294,573.57983,579.3102,609.95233,543.83765,582.50793,669.0595,654.19104,643.44244,627.1443
2634.2441,2639.42,2608.7488,2689.5002,2698.5903,2803.7253,2913.9902,2957.2373,3005.464,3087.2078,3200.0273,3109.2925,3020.633
2500.0825,2264.661,2234.1758,2449.0583,2388.6897,2217.6226,2430.4976,2575.4023,2424.8179,2354.1902,2312.6711,2598.9343,2386.1978
6821.3228,6433.123,6583.6035,6539.7593,6476.19,6232.7983,6591.957,6444.2046,6457.3535,6304.183,6296.04,6503.72,6330.071
5096.811,5031.867,4974.379,4924.977,4900.359,4945.1113,4998.449,4954.2534,4981.138,4985.396,4968.84,4945.672,4905.198
340.63666,335.3666,347.06622,371.94284,359.40884,394.77347,366.34637,366.10382,359.25647,361.62805,367.19238,372.50375,376.11487
1022.2627,1027.1829,1025.4758,1046.42,1041.2142,1063.7988,1075.4877,1073.916,1066.6267,1069.3606,1050.8075,1043.826,1049.1658
2423.8271,2377.6177,2343.3008,2329.4065,2404.811,2430.7212,2470.8975,2350.024,2343.0874,2349.673,2395.836,2413.7446,2441.7478
2417.8552,2372.9785,2308.2317,2295.287,2332.2405,2396.9485,2417.1963,2287.496,2324.7578,2334.4795,2334.2483,2337.6575,2411.541
5278.53,5268.7793,5459.8857,5254.7812,5216.4717,5903.144,6356.784,5202.353,5205.9565,5367.124,5825.88,5386.1255,5814.1777
5278.53,5268.7793,5459.8857,5254.7812,5216.4717,5903.144,6356.784,5202.353,5205.9565,5367.124,5825.88,5386.1255,5814.1777
11956.722,11902.871,11868.354,11804.412,11781.523,11849.583,11913.978,11913.976,11955.954,11978.611,11942.754,11904.723,11887.32
4351.314,4421.3696,4454.4473,4461.1934,4446.4595,4497.84,4479.918,4456.204,4439.68,4467.578,4448.999,4483.4,4479.6396
2575.7058,2657.4265,2606.1367,2835.1565,2859.1904,3192.317,3333.6223,3236.8826,3011.953,3322.6262,2728.7302,3146.4553,2868.9294
4080.9111,4256.0757,4153.7764,4225.668,4151.5938,4322.2554,4368.9644,4557.1577,4620.034,4648.161,4192.1055,4660.4775,4536.417
1911.6416,2001.2739,1930.4039,1973.9454,2133.7917,2268.8105,2226.5857,2110.1316,2156.9514,2086.9822,1950.919,2196.6528,2154.793
3971.0,3818.3625,3866.949,3796.2148,3736.2798,3846.4292,3900.484,3400.7422,3340.0305,3707.867,3949.4036,3988.7998,3803.5452
772.6569,795.8491,805.3231,808.9859,813.18494,849.265,845.10223,834.564,847.2459,859.3034,840.23676,848.2914,843.5817
6515.5854,6283.529,5801.195,5959.2573,5781.6426,6453.8364,6777.9355,6361.287,6364.4995,7155.8193,6017.505,6759.392,6493.4077
1215.241,1187.4824,1136.7631,1120.1758,1104.2041,1126.106,1149.526,1125.4731,1149.9705,1141.9221,1086.6754,1109.3313,1068.8501
2870.2441,2926.6724,2864.2705,2841.5515,2865.9514,2927.025,2905.6248,2917.1274,3095.6455,3187.4783,2796.1345,3036.0286,3145.3843
1955.6868,2183.3093,2042.229,1906.0686,2098.0505,2259.962,2218.3474,2075.5154,2520.7744,2439.847,1745.8567,2193.2417,2378.249
2833.064,2724.6323,2755.8376,2625.856,2840.1064,2722.665,3396.586,3321.0356,3168.388,3398.827,3735.4116,3839.169,3834.3667
718.2995,704.2967,708.6116,682.7054,702.6876,650.7821,684.1619,636.74756,654.51337,650.33295,650.2641,707.55444,679.8615
3610.962,3737.029,3797.4326,3809.9644,3642.6812,3867.4136,3941.951,3745.5835,3749.9404,4022.6968,4011.0898,3936.9885,3859.4932
844.22003,822.1826,822.0335,811.97107,792.1445,803.3081,887.32446,844.7856,832.3727,799.2394,746.30804,843.9078,780.6405
4132.9443,3768.0898,3679.9902,3786.826,3769.3193,3945.2659,3829.4377,3896.4634,4284.288,4129.4214,3493.3047,4224.454,4297.3984
1468.4552,1454.4128,1541.8325,1596.8544,1558.9418,1512.006,1614.0312,1628.3389,1608.1937,1603.4796,1543.7614,1596.5283,1502.3176
1269.1824,1185.5057,1229.6298,1250.4882,1238.4753,1187.5088,1252.1113,1205.0353,1214.4939,1138.4539,1154.1559,1163.93,1148.9935
1126.0985,1052.7505,1089.9554,1113.6195,1203.9948,1121.2753,1187.225,1162.0498,1179.187,1108.0608,1090.0225,1133.9666,1149.3923
14926.999,15915.191,17199.906,16052.535,13870.455,14959.314,17716.04,17198.41,15931.729,15641.194,16828.426,16460.314,14396.838
2904.879,2900.0479,2888.7393,2897.7922,2897.741,2890.253,2913.7336,2901.48,2902.2488,2897.7021,2881.4631,2895.149,2881.5413
3120.7068,3137.099,3124.348,3152.7712,3169.405,3209.9646,3204.279,3190.214,3184.6375,3200.3818,3160.4404,3174.5322,3167.8171
5851.972,5872.1343,5902.4497,5896.3193,5889.233,5905.098,5946.4077,5891.6313,5920.89,5925.5283,5934.624,5865.2183,5894.634
5852.792,5874.2886,5904.4595,5898.0386,5893.723,5911.354,5953.029,5897.6016,5928.095,5932.121,5945.4473,5870.5054,5900.954
6195.7603,6203.073,6179.9795,6156.186,6185.4546,6210.0654,6206.4517,6182.0225,6178.2734,6191.165,6173.3613,6177.1685,6185.8076
6206.139,6214.711,6194.704,6173.7163,6198.644,6220.8794,6216.978,6192.009,6189.1187,6202.4067,6182.8086,6188.3706,6199.2837
6200.8877,6208.937,6187.483,6165.1836,6192.2905,6215.447,6211.612,6186.9336,6183.622,6196.773,6178.1953,6182.9697,6192.689
5853.537,5876.2637,5906.247,5899.418,5898.0986,5917.409,5960.1885,5903.5977,5935.811,5939.0527,5956.352,5875.4194,5907.4653
2943.208,2959.2903,2934.848,2940.7976,2933.8718,2940.9602,2955.6792,2977.631,2928.9827,2918.678,2944.039,2959.8127,2941.577
3266.5166,3305.4907,3293.23,3231.5974,3259.076,3309.9248,3337.594,3306.8638,3294.717,3305.5918,3306.5276,3254.6494,3296.8767
2941.939,2958.435,2934.0195,2939.7444,2932.8281,2940.061,2954.4512,2976.4983,2928.0662,2917.5134,2942.6504,2958.573,2940.365
2963.871,2920.7805,2847.0425,2853.6157,2895.273,2914.3071,2963.3452,2946.674,2920.583,2934.3535,2924.9612,2946.4893,2980.938
3262.9358,3297.5544,3280.0093,3287.2417,3269.3884,3282.813,3302.935,3330.3765,3281.7627,3261.3718,3295.8484,3287.4,3281.197
3264.5605,3298.728,3281.3792,3288.7053,3270.7402,3283.8325,3304.226,3331.4836,3282.6887,3262.471,3297.2388,3288.5813,3282.4858
6574.2324,6622.4487,6624.803,6573.568,6534.2095,6543.323,6595.451,6606.3086,6637.706,6711.9517,6691.178,6648.0713,6638.1587
7108.278,7193.8926,7208.123,7180.886,7190.382,7274.7095,7244.9062,7268.4155,7308.538,7362.6426,7321.8945,7308.289,7304.009
1807.7783,1816.3491,1777.6133,1722.55,1623.8241,1659.7058,1669.0702,1626.7808,1664.408,1675.3461,1622.3063,1653.314,1584.1947
2502.073,2514.7722,2510.8154,2505.8687,2519.0212,2547.49,2538.8008,2532.0051,2530.7822,2540.2236,2526.053,2537.6846,2533.5317
4845.635,4711.4937,4769.9175,4807.7954,4746.5024,4876.294,4934.977,4748.5967,4704.1274,4624.601,4750.1343,4727.0547,4735.385
2978.8528,3038.8445,3127.75,3178.563,3047.442,3062.5764,3277.4746,3062.249,3117.6655,3141.49,3123.678,2975.3997,3017.3435
2070.1392,2060.7195,2033.1984,1996.7374,1958.0396,2055.5093,2117.3994,2159.6533,2164.9292,2194.0034,2207.969,2157.9958,2187.752
3456.192,3519.3022,3624.1973,3661.6287,3650.7869,3830.7375,3811.5627,3812.4749,3802.9558,3873.6062,3883.0579,3886.6912,3832.2004
2296.2869,2434.7356,2436.8208,2620.002,2087.5344,2058.6396,1832.8826,1932.0898,1621.3561,1890.8624,1897.454,2164.89,2133.3303
8984.061,8982.533,8966.958,8960.896,8944.365,8951.865,8973.126,8991.539,9003.477,9025.229,8983.515,9006.909,8965.457
10167.899,10339.381,10305.234,10037.785,10115.113,10280.206,10469.708,10089.336,10169.86,10434.313,10558.833,10250.377,10267.611
7099.7373,7043.3203,7014.13,7051.593,7040.5576,7017.235,7066.2764,7029.1685,6940.1304,7010.028,6991.8213,7054.23,7027.0264
6048.5576,6095.1187,6044.7837,6038.2476,6051.39,6089.564,6088.5312,6025.3433,5960.466,6019.9233,6015.7725,6046.9214,6014.4243
13063.951,13164.964,13305.783,12995.068,12739.023,13112.108,13539.075,13424.001,12979.622,13118.558,13169.063,13392.257,13020.293
18387.367,18487.17,18652.283,18314.639,18061.434,18432.314,18903.67,18761.156,18270.172,18434.861,18488.564,18764.082,18326.463
7331.4004,7316.071,7242.3,7283.357,7324.1357,7276.1367,7256.4854,7225.181,7316.1084,7344.5854,7285.4526,7269.3735,7350.3784
13217.369,13251.155,13294.146,13322.775,13244.662,13286.792,13309.134,13179.721,13036.324,13097.57,13055.812,13105.911,13094.348
6934.966,6993.2295,7023.4536,7053.5513,7053.399,7181.034,7134.4785,7098.641,7082.3696,7122.0728,7135.377,7114.201,7109.018
6943.6577,7008.023,7026.6475,7041.532,7033.6987,7166.053,7106.5264,7070.6904,7065.5483,7110.9775,7117.913,7106.96,7101.325
2628.781,2634.5889,2639.1812,2645.118,2646.3572,2644.307,2643.2832,2634.9846,2634.706,2634.696,2626.1172,2633.6392,2634.1006
1973.4747,2015.6279,2042.2075,2114.5278,2125.0125,2299.659,2279.3096,2192.3918,2175.927,2224.6265,2175.566,2104.1074,2112.457
1973.3785,2015.6497,2042.1106,2114.5337,2124.9973,2299.7598,2279.2239,2192.3042,2175.828,2224.483,2175.4,2104.1313,2112.4346
1973.4747,2015.6279,2042.2075,2114.5278,2125.0125,2299.659,2279.3096,2192.3918,2175.927,2224.6265,2175.566,2104.1074,2112.457
5038.49,4873.665,4831.5723,4771.6597,4958.51,5214.974,5580.91,4923.38,4783.6255,4657.867,4975.832,5253.865,5410.6367
24364.21,24189.62,24014.418,24000.629,23842.088,23944.799,24512.346,24679.238,24807.04,24888.74,24134.957,24289.912,24400.727
450.04666,465.4629,482.28604,443.2955,423.58383,793.34607,555.5637,439.99765,431.79892,429.422,440.91656,399.73984,536.7475
3897.7822,3725.5164,3219.6714,3200.1726,3388.205,3422.6611,3379.171,3301.1133,3433.2224,3498.2925,3275.6426,3549.6191,3657.5623
3809.8486,3566.0806,2942.4963,3127.102,3401.824,3482.1045,3369.6128,3425.4426,3567.767,3543.1506,3292.2515,3707.3904,3749.3357
1299.1316,1316.3265,1318.7992,1360.4716,1386.4056,1301.1404,1394.7477,1201.1345,1178.4319,1224.2065,1169.2231,1146.0112,1091.685
1430.1393,1399.5294,1463.4244,1473.3843,1482.6777,1387.2836,1502.7783,1305.7406,1288.604,1240.1924,1268.4265,1201.0205,1192.8751
24726.0,24476.13,24251.771,24296.846,24084.441,24148.55,24449.287,24726.975,24653.629,24755.559,24249.143,24523.387,24566.414
4424.8804,4426.3325,4422.735,4425.5244,4426.7583,4432.4663,4426.729,4425.626,4428.758,4428.3457,4423.653,4422.7334,4432.086
5971.7134,5957.828,6011.576,5950.31,5875.5264,5924.761,6026.9136,5811.739,5850.5957,5834.3535,5789.7446,5707.256,5783.2754
5913.191,5919.782,5954.727,5886.404,5810.5635,5894.8506,5926.6807,5724.141,5721.963,5734.752,5649.347,5607.656,5664.2603
17035.936,16992.912,16952.156,16768.74,16595.984,16661.732,16718.096,16652.25,16557.66,16612.484,16526.46,16570.656,16535.523
17061.936,17045.984,17022.965,16861.18,16692.582,16775.973,16845.113,16772.21,16670.54,16730.81,16642.35,16654.807,16602.62
1085.1222,1085.3798,1085.2646,1085.9741,1085.2461,1084.8105,1085.3687,1085.8622,1086.861,1086.9458,1085.252,1087.1215,1087.5845
11916.121,11909.095,11914.821,11881.483,11836.93,11866.374,11872.344,11862.605,11812.195,11835.93,11833.325,11865.93,11850.21
1206.7766,1232.8843,1229.5569,1223.8098,1268.7385,1259.7871,1252.8517,1218.9744,1234.9319,1234.4889,1250.8513,1225.5403,1246.0138
1839.4523,1871.475,1865.3278,1870.9941,1857.2329,1865.5114,1864.8193,1864.6417,1864.5164,1882.6807,1864.5438,1871.0642,1865.0021
19634.99,19979.348,19896.479,19945.498,19835.371,19908.309,19900.28,19890.432,19903.215,20079.588,19893.115,19925.795,19903.46
23142.75,23421.582,23597.695,24118.922,23867.012,24580.643,23877.059,23863.146,24158.887,24147.205,23889.936,23920.191,24024.95
1727.7416,1722.4551,1725.1382,1720.5114,1712.2174,1709.7351,1712.1526,1708.1515,1706.7102,1703.4294,1699.9459,1705.2129,1705.6962
1831.8615,1840.9772,1818.548,1806.0149,1799.7369,1820.3514,1814.6515,1789.0106,1800.7274,1781.4364,1753.0067,1737.9226,1738.3569
1701.8207,1699.4517,1690.9692,1695.6151,1668.9486,1683.7163,1670.9316,1622.1798,1679.3936,1655.4558,1642.6843,1596.9517,1618.0172
11205.6,11185.893,11175.1,11191.518,11148.021,11160.337,11189.997,11211.4,11181.818,11198.661,11211.196,11220.355,11227.929
466.80682,493.292,492.78662,492.71106,518.48596,530.12,535.3419,516.5514,516.0185,529.31573,525.74274,504.0024,504.8475
603.08484,629.5283,629.85266,628.6255,651.7624,659.8787,669.6551,650.76215,647.3481,662.61285,659.6492,638.36316,638.2693
14828.678,14757.841,14698.338,14771.177,14374.858,15599.616,14707.663,14746.842,14519.968,14457.373,14342.395,14538.87,14858.925
11376.116,11388.676,11338.007,11393.076,11383.762,11365.431,11377.509,11419.418,11389.074,11398.586,11378.964,11398.35,11405.568
9700.581,9662.8545,9651.912,9636.318,9581.217,9582.032,9583.711,9570.189,9538.485,9552.285,9550.334,9574.399,9586.085
15628.204,15636.038,15653.142,15559.628,15511.331,15575.238,15636.726,15579.38,15463.003,15504.883,15524.331,15569.027,15527.421
4024.836,4026.9343,4017.778,4047.2454,4017.5544,4022.6543,4047.1501,4081.9993,4052.917,4059.421,4029.6094,4060.298,4031.6968
1022.1259,1007.4112,1006.06384,1007.75586,979.1076,1066.7313,992.28894,997.779,985.96027,978.51465,973.4144,985.6793,1004.45844
9148.167,9140.182,9136.727,9141.819,9123.156,9109.433,9131.403,9119.001,9108.286,9099.618,9079.869,9093.19,9091.764
2142.1746,2137.1016,2138.8916,2134.4185,2127.296,2125.5906,2126.768,2124.66,2123.4204,2120.8862,2117.8313,2123.1648,2123.3328
23945.516,24074.982,24200.621,24154.736,24183.498,24237.139,24474.951,24303.41,24374.443,24358.951,24498.656,24309.08,24414.549
15876.621,15869.437,15854.381,15870.949,15839.044,15865.045,15883.375,15901.335,15919.114,15930.107,15914.359,15927.663,15934.882
14137.096,14140.381,14130.358,14146.005,14118.637,14139.09,14159.24,14180.321,14190.895,14198.291,14185.299,14191.349,14201.2705
7369.8945,7438.1553,7485.807,7444.026,7455.064,7519.502,7557.7163,7486.2427,7499.5376,7508.101,7611.6514,7518.097,7563.3687
1071.4762,1071.935,1071.8931,1072.6906,1072.0471,1071.6593,1072.1617,1072.6747,1073.5378,1073.6353,1071.8259,1073.7651,1074.0653
9417.402,9419.851,9417.224,9390.885,9351.459,9379.082,9372.601,9363.169,9318.3545,9343.625,9336.855,9371.641,9354.0205
751.526,760.43317,764.85974,760.20123,769.2169,767.4342,771.5145,764.7017,762.7212,768.4671,770.49066,771.6264,766.23737
10424.47,10456.645,10451.626,10340.769,10242.573,10311.989,10338.49,10377.397,10397.61,10444.051,10415.168,10463.999,10360.175
11201.005,11261.785,11240.335,11114.793,11023.792,11096.185,11089.044,11126.559,11156.532,11200.272,11182.645,11215.723,11146.323
14547.399,14653.241,14678.348,15044.423,14853.863,14809.653,14824.786,14866.996,14877.236,14949.187,14585.305,14927.314,14875.288
7054.64,7083.3745,7114.4546,7111.5,7088.8564,7118.296,7178.6543,7145.9956,7120.46,7134.6,7124.9336,7105.8643,7100.951
1727.121,1721.7891,1724.6191,1720.1311,1711.8004,1709.2839,1711.8353,1707.8285,1706.3782,1703.0548,1699.5836,1704.755,1705.235
1007.35175,1007.7886,991.4081,976.1637,989.00323,1009.72015,1018.3658,1001.12463,1011.76324,1010.718,996.5445,981.6796,996.1556
873.6031,864.9243,845.0995,839.67236,817.4419,827.7366,827.2865,785.0764,804.5566,798.3754,780.5701,765.82697,768.33746
10273.969,10246.617,10234.658,10224.414,10169.343,10178.667,10185.913,10187.418,10152.52,10167.91,10160.681,10191.044,10194.423
353.0828,374.5448,367.85867,357.22906,364.0399,372.42862,359.5589,347.18863,344.15106,360.83975,368.9984,363.12448,359.2568
456.7796,479.28165,472.7456,463.05643,469.89844,478.94373,464.45142,448.31564,444.53705,465.01797,477.45468,467.7007,464.19235
8410.113,8396.52,8410.029,8447.515,8405.061,8592.046,8529.072,8562.518,8525.923,8530.604,8538.405,8572.044,8612.982
10811.185,10810.698,10789.227,10821.77,10810.755,10799.633,10811.24,10845.279,10848.637,10842.784,10810.216,10820.72,10843.377
9429.038,9399.437,9392.315,9381.193,9322.453,9326.538,9326.152,9317.035,9284.629,9297.313,9287.883,9318.154,9322.208
10846.903,10855.9,10910.005,10874.9375,10819.771,10844.919,10955.741,10918.981,10778.641,10783.43,10810.118,10924.757,10839.735
3531.2327,3531.0776,3539.388,3546.4,3516.3823,3505.4062,3558.516,3602.419,3583.4133,3552.5784,3538.6758,3551.9614,3563.7627
1002.6442,988.9796,987.1746,989.0331,962.3028,1047.896,975.76794,979.6906,968.2647,960.87177,956.0305,967.08716,985.4859
8147.1963,8141.9087,8132.182,8138.706,8126.3936,8125.207,8146.0713,8132.68,8128.3325,8120.5894,8101.0293,8112.36,8118.664
2141.091,2135.981,2137.8206,2133.3674,2126.2063,2124.484,2125.7275,2123.579,2122.3142,2119.723,2116.6895,2121.9978,2122.153
22676.125,22765.762,22881.057,22863.107,22874.84,22899.492,23087.844,22951.197,23016.318,23000.41,23118.316,22964.113,23026.17
13723.571,13700.758,13677.792,13662.038,13611.084,13630.831,13620.1,13614.46,13593.385,13611.6,13586.203,13627.867,13629.134
11968.615,11949.397,11928.219,11919.343,11869.658,11891.172,11885.581,11886.191,11867.099,11884.602,11865.29,11898.07,11903.126
6165.862,6160.549,6149.6636,6109.5273,6088.6924,6125.7256,6159.4546,6109.583,6131.253,6143.888,6168.991,6134.142,6142.6514
6354.098,6417.39,6399.8086,6430.1455,6357.7925,6476.63,6484.3325,6386.1436,6353.3447,6393.717,6289.9487,6254.3833,6290.136
6986.62,6985.0894,6985.9023,6962.3125,6942.482,6953.1543,6961.5464,6941.8457,6926.464,6934.5166,6932.919,6960.9814,6956.9995
373.41373,380.1731,382.26373,375.95923,381.95776,379.16797,382.44672,374.95398,373.39706,378.9613,382.30676,383.66794,377.91217
7740.4453,7756.9805,7749.913,7667.24,7559.5513,7622.1978,7665.7285,7710.101,7783.395,7829.693,7829.6104,7842.9146,7693.8276
8106.071,8141.86,8121.5645,8036.103,7952.6973,8011.7637,8040.1455,8076.31,8134.6587,8195.712,8213.175,8223.451,8071.1743
10916.066,11118.347,11203.114,11507.633,11306.906,11326.025,11291.181,11345.424,11326.187,11390.813,11254.362,11431.552,11371.899
5397.2173,5419.013,5443.0923,5438.2935,5416.183,5437.927,5477.408,5447.979,5420.888,5435.5176,5420.251,5407.7104,5402.7334
11258.725,11199.581,11227.432,11211.659,11163.901,11139.266,11153.383,11135.153,11133.682,11097.341,11083.6455,11112.185,11118.179
981.7752,982.325,965.38104,951.174,964.3317,985.6376,993.7402,976.1291,986.68744,986.6309,972.12537,956.66876,971.8121
8543.723,8460.822,8258.198,8212.379,7991.211,8091.5566,8082.5,7657.1543,7847.101,7786.8677,7597.76,7460.5957,7484.156
6641.716,6627.7744,6616.7095,6622.2695,6587.1875,6598.3926,6612.264,6618.7764,6600.828,6612.5913,6611.5366,6619.718,6632.0327
136.08432,134.60806,129.43756,120.50155,120.24148,126.01881,131.03362,126.428986,119.674515,118.29338,123.22526,127.460236,127.384186
231.30203,230.13857,226.56163,217.78488,218.20221,223.46031,229.39554,224.0086,215.00623,216.78224,225.2572,226.35675,221.25603
4340.8994,4308.7954,4321.0713,4348.8726,4288.3784,4558.241,4398.4673,4422.897,4378.011,4372.9487,4389.837,4438.6123,4504.9653
8017.0547,8031.728,8020.7876,8057.1074,8041.796,8018.039,8022.3027,8075.742,8078.164,8058.702,8025.4434,8034.686,8058.406
6202.628,6185.1045,6180.8823,6178.542,6137.89,6142.323,6145.741,6145.3765,6121.9556,6131.5625,6125.7744,6143.854,6148.2837
8410.555,8422.138,8489.607,8453.031,8386.541,8408.537,8518.16,8477.984,8370.883,8365.148,8394.782,8477.128,8431.569
2891.9014,2895.4495,2912.0396,2907.864,2874.806,2867.2117,2927.5696,2976.1995,2940.6963,2887.781,2879.8044,2894.314,2918.7744
8544.336,8379.569,8374.497,8337.087,8080.3984,8884.104,8134.2793,8144.808,8058.268,7967.1562,7956.525,8049.1304,8258.575
4581.735,4589.3887,4583.881,4596.856,4587.855,4598.4707,4632.339,4601.8867,4602.937,4589.6855,4573.0767,4569.6333,4579.517
5439.5674,5431.3516,5417.4478,5432.535,5419.9194,5413.0527,5419.9844,5427.9307,5414.453,5404.038,5383.0605,5400.007,5404.926
1420.1925,1415.2196,1417.1279,1415.4928,1412.1611,1410.918,1411.8329,1411.884,1412.6788,1409.9023,1409.0696,1411.5182,1412.4443
16648.484,16767.932,16921.352,16903.318,16937.553,16982.617,17226.086,17060.607,17149.979,17124.506,17310.47,17078.057,17156.45
9145.171,9130.292,9116.776,9121.416,9084.424,9102.151,9104.52,9109.701,9098.582,9109.665,9094.184,9113.569,9118.322
7932.2173,7923.41,7914.258,7921.0244,7884.158,7898.4263,7907.345,7914.491,7902.3325,7912.459,7900.2793,7915.3364,7921.1387
12061.174,12093.901,12138.672,12092.673,12066.395,12098.154,12211.704,12091.316,12111.952,12078.54,12091.838,12061.338,12112.128
4489.6934,4525.058,4556.183,4545.645,4531.255,4574.218,4606.8516,4550.1885,4557.251,4566.7334,4650.9424,4593.6475,4606.6167
3763.426,3764.2148,3765.1316,3768.2053,3762.2153,3763.173,3769.2,3773.4856,3775.2532,3778.632,3770.026,3778.6765,3775.132
24308.396,24297.127,24219.762,24087.59,23923.982,24064.762,24032.344,24062.105,23944.275,24047.92,24060.035,24145.252,24117.807
3787.119,3799.7908,3832.248,3815.1006,3802.103,3838.675,3845.0764,3855.7615,3866.9941,3854.5647,3835.0537,3871.0552,3893.886
2691.94,2725.5935,2734.6248,2709.0588,2680.099,2728.6453,2728.3682,2745.9739,2738.8108,2740.641,2710.6863,2729.6035,2739.4941
3060.5154,3096.0115,3115.1538,3093.807,3070.8674,3116.149,3120.833,3135.424,3133.0684,3132.1626,3110.9585,3123.4983,3133.0334
3431.593,3354.2244,3302.6724,3350.8289,3302.0566,3257.6887,3324.7896,3357.777,3375.2634,3373.8318,3299.7476,3343.865,3354.2742
1641.322,1641.4459,1645.6573,1640.7848,1639.1987,1642.6299,1653.8466,1646.028,1639.8645,1640.7537,1640.1863,1643.8717,1638.4608
3593.3823,3611.5452,3630.703,3626.7969,3623.6772,3637.3652,3681.8113,3653.888,3658.4717,3660.2358,3674.3257,3653.6277,3659.435
6013.0195,6002.188,6007.7065,5982.127,5951.25,5949.0684,5960.484,5940.2397,5931.6787,5926.708,5914.1934,5939.534,5934.855
3631.6328,3621.8022,3618.9702,3611.5806,3592.082,3593.3037,3591.7634,3580.369,3575.473,3575.3645,3568.7976,3580.112,3581.408
3619.9187,3736.5332,3778.5986,3799.736,3849.0754,3911.1013,3868.833,3837.1882,3916.3486,3984.65,3840.109,3920.118,3808.099
2813.214,2811.2615,2803.5269,2789.696,2799.6309,2816.1582,2814.6392,2780.4653,2795.415,2811.3428,2814.865,2795.3135,2804.4126
3225.3972,3215.4502,3212.832,3206.3267,3187.8494,3188.8823,3187.644,3178.1467,3173.0017,3173.1743,3167.2883,3178.341,3179.0408
2484.0083,2486.6077,2485.511,2478.666,2460.7646,2486.4854,2494.8867,2505.3738,2471.3772,2483.3777,2481.2717,2509.4353,2474.3997
6387.1045,6388.3047,6361.438,6318.2417,6312.082,6338.991,6405.5483,6364.6216,6397.3564,6464.543,6473.7275,6437.0093,6435.059
1506.8245,1526.2346,1507.4902,1511.0317,1499.7812,1530.6824,1525.9537,1552.1111,1543.2057,1542.7076,1514.2385,1552.1466,1538.6029
2711.113,2705.6826,2701.7146,2697.1091,2688.4155,2690.4348,2689.5833,2688.963,2683.954,2686.1638,2679.982,2688.2925,2683.6675
7208.2183,7198.199,7205.9077,7179.2974,7146.3486,7145.6797,7158.4946,7135.3125,7125.4517,7118.85,7104.7964,7130.878,7127.5605
8800.501,8814.999,8817.79,8828.621,8807.9375,8821.739,8808.761,8818.025,8828.865,8848.847,8832.791,8839.501,8839.138
1346.8734,1338.343,1338.4675,1334.0919,1340.7312,1344.7142,1359.9113,1346.5449,1358.8477,1347.5884,1355.311,1363.4373,1362.2075
6086.5767,6093.048,6093.7666,6099.901,6082.931,6128.6265,6092.528,6100.068,6105.37,6108.6416,6105.4834,6117.587,6119.9775
4581.7285,4575.4604,4573.447,4563.3223,4543.789,4545.81,4541.6406,4527.4546,4522.2837,4523.0547,4513.4263,4524.8735,4528.899
4040.2134,4032.8013,4029.5962,4020.2834,4002.2798,4005.4885,4000.775,3990.5325,3984.85,3986.6501,3978.866,3990.8762,3993.1821
1740.9862,1746.2128,1742.779,1747.3953,1741.4573,1786.409,1776.7461,1767.7855,1775.345,1780.656,1773.3947,1763.5371,1770.2257
907.8616,887.05334,879.2147,873.3962,840.888,958.63904,845.80347,852.3201,836.30273,814.8452,801.77466,821.9033,850.8442
2260.667,2246.2822,2238.7654,2267.9324,2259.683,2432.514,2303.881,2322.021,2318.6743,2289.5898,2293.1729,2338.355,2355.3574
2043.0127,2069.6992,2104.6174,2120.8691,2081.2935,2090.859,2132.1152,2114.7812,2108.3828,2108.1829,2103.7488,2120.0889,2083.456
441.75824,440.19446,443.0052,446.7753,435.8917,477.01413,447.0451,448.97177,436.49063,427.862,427.37253,435.25534,442.67776
6606.0303,6574.0303,6480.3755,6481.44,6344.4146,7067.423,6457.896,6474.008,6560.505,6462.935,6503.485,6592.3374,6760.209
1202.7876,1227.549,1229.9099,1254.5746,1259.1306,1327.5758,1290.8254,1277.8986,1284.2998,1287.622,1286.5549,1295.2341,1301.9406
5877.6675,5879.11,5911.619,5946.168,5914.5894,5926.573,5984.7188,5949.737,5936.1113,5933.3374,5872.207,5940.7744,5853.1626
479.52335,452.9983,438.23398,433.46173,405.40997,521.9343,404.4948,414.64285,414.341,383.19345,351.1806,378.34015,416.67282
873.4557,854.1382,866.4198,828.2864,787.43994,1071.2782,850.79114,851.0979,826.228,787.29456,802.5787,781.12,865.5318
9064.66,8651.249,8351.0,8205.803,7274.6245,11006.289,7650.5293,7744.153,7247.1343,7003.427,6772.778,7200.7134,7988.439
3160.6938,3101.646,3022.0056,3064.8298,2770.065,3685.6855,2843.0986,2870.382,2703.6025,2648.5586,2547.92,2710.253,2864.6196
2439.0913,2471.385,2508.126,2509.5796,2442.0576,2478.4893,2496.9375,2479.0686,2470.582,2461.9111,2495.5845,2489.706,2462.4446
852.3875,873.85406,871.72485,866.91986,875.75824,878.66614,897.4561,908.46735,905.1156,884.0907,884.8693,894.83997,900.8426
1703.6139,1827.9628,1711.5674,1886.7749,1969.3297,2069.744,2201.4458,2381.1821,2115.3628,1940.3677,1890.2526,2224.8745,2078.252
1776.0577,1697.4832,1663.376,1599.7288,1475.342,2150.1665,1563.6221,1572.4907,1494.5586,1427.4559,1420.8896,1457.3085,1627.1051
4034.5815,3888.3645,3798.4448,3763.1934,3541.345,4479.287,3557.3047,3599.8198,3489.8816,3349.635,3254.2795,3404.4424,3649.3926
5328.3643,5509.716,5521.6367,5698.386,5582.445,6196.869,5830.4736,5824.087,5629.41,5664.707,5647.916,5648.1626,5845.4014
7380.2036,7400.653,7405.2456,7400.476,7418.547,7457.4663,7490.158,7423.188,7506.1143,7522.787,7524.9893,7440.1377,7481.1733
13222.48,13680.714,13802.822,13773.885,13969.99,14234.085,14954.98,14202.695,14640.426,14899.703,15147.014,14255.754,14670.998
899.61646,888.66003,852.0029,822.7967,776.81476,792.77673,778.29785,738.38446,707.45496,744.83527,740.82043,794.4383,784.3016
10415.705,9922.191,9983.264,10452.113,10526.676,10474.725,10648.4375,10368.699,10134.664,10051.558,9841.762,9866.842,9967.705
25308.951,26455.354,27398.316,25788.309,23753.209,25373.008,27948.826,27272.312,25867.75,25804.982,26738.676,26397.662,24797.719
4132.052,4099.3296,4094.8728,4117.097,4045.666,4070.2456,4085.2817,4091.2512,4102.771,4138.917,4116.72,4138.9272,4085.2212
8343.231,8294.46,8407.469,8404.247,8352.164,8277.75,8614.501,8314.125,8590.353,8514.49,8510.785,8266.784,8386.597
19520.295,20033.87,20582.59,20673.613,20832.004,21103.332,22178.422,21451.043,21911.543,21961.305,22554.758,21519.527,21923.678
5436.393,5365.6797,5322.067,5329.381,5301.174,5315.082,5351.4536,5356.4497,5368.9277,5363.8203,5346.026,5348.345,5315.242
3248.4412,3229.225,3111.5059,3149.9646,3140.3345,3163.5588,3195.9,3287.6833,3338.162,3349.6152,3204.0571,3283.423,3194.1392
1813.006,1802.3748,1756.1224,1800.0465,1837.9901,1809.1091,1818.6605,1826.0668,1771.1925,1776.5176,1762.192,1780.5181,1744.649
2358.87,2352.7505,2375.7302,2395.3289,2386.595,2377.623,2390.9753,2365.8748,2349.98,2362.7131,2370.5645,2353.638,2350.563
3146.8025,3141.18,3163.2205,3180.7249,3173.384,3164.8748,3180.1338,3153.8333,3143.2295,3153.6255,3162.3289,3142.1182,3139.3804
9694.58,9756.301,9659.54,9590.958,9650.471,9667.262,9679.492,9625.0625,9692.883,9745.536,9634.714,9597.884,9673.146
9737.816,9921.402,9728.618,9589.21,9702.375,9804.826,9818.33,9709.454,9679.152,9774.167,9709.099,9792.051,9766.44
1062.9302,1081.2202,1076.6461,1065.5018,1062.735,1068.4307,1058.9268,1063.3053,1078.095,1074.848,1060.8795,1064.3667,1066.5161
1790.9302,1809.2202,1804.6461,1793.5018,1790.735,1796.4307,1786.9268,1791.3053,1806.095,1802.848,1788.8795,1792.3667,1794.5161
7256.088,7161.33,7090.0605,7092.7163,6780.8027,6809.7275,6894.8774,6964.695,6876.862,6980.296,6868.742,6997.238,6812.3496
7933.8545,7952.975,8018.2637,8022.3115,7763.861,7782.5796,7654.657,7650.847,7678.022,7660.738,7715.384,7802.079,7782.174
27418.752,27522.838,26528.47,26464.67,26580.42,27590.896,28109.246,27875.197,26884.205,27241.344,26738.559,28059.586,27681.492
1727.8752,1734.4137,1762.4441,1804.756,1787.6656,1967.759,1861.0923,1868.8235,1854.661,1861.8721,1841.539,1872.4187,1900.8367
1959.765,2011.3767,2032.7129,2049.5405,2011.5663,2128.0093,2149.4502,2188.7603,2189.1511,2253.235,2187.044,2243.766,2202.8
2944.7554,3029.008,3087.1929,3107.1626,3076.699,3293.5835,3237.152,3327.7297,3321.1384,3364.6116,3345.1582,3414.3406,3411.1514
1348.1542,1429.2506,1477.7385,1501.2855,1450.1233,1615.4318,1594.1885,1612.7133,1631.2494,1660.4121,1638.6417,1629.1896,1614.572
8028.4536,8153.7124,8184.084,8108.531,7863.9175,8010.5054,7923.5767,8048.3633,8006.6836,7998.7075,7833.195,8096.401,8102.127
448.5876,439.88147,454.24716,433.40985,426.38153,450.8895,469.22757,489.0411,492.36865,500.04257,513.81116,506.23077,514.0617
3138.1748,3136.853,3079.0852,3077.4788,3082.3655,3159.8376,3169.7568,3138.8223,3146.748,3203.4722,3041.9863,3244.9749,3129.7666
573.95685,587.8013,599.2511,619.579,613.61755,632.5279,625.3244,619.97864,616.94653,629.64935,625.52386,635.0208,628.1377
1953.3696,1977.8264,1974.7043,2022.1237,2013.7152,2127.8323,2063.9138,2077.3323,2080.9363,2105.6902,2074.457,2102.7205,2093.655
1003.0486,970.0835,993.5126,1026.4584,962.825,1140.7803,1041.1038,1024.6108,975.76904,988.74536,997.1327,1024.2386,1023.34717
1881.7625,1903.0419,1920.2349,1936.3108,1975.2981,2117.4543,2047.5199,2072.94,2094.4734,2096.0972,2084.8882,2140.7805,2114.0547
430.7089,452.1695,448.4115,488.25406,497.22916,552.19354,534.1374,513.7557,512.19653,530.6924,516.3725,527.8429,518.17487
3323.874,3417.318,3474.619,3519.2654,3489.3188,3544.316,3537.387,3609.9553,3571.0955,3595.4136,3569.7454,3696.041,3671.7756
1096.9033,1163.1133,1219.7781,1185.2948,1056.2577,1247.5472,1316.8895,1420.7231,1445.2395,1495.2609,1431.1787,1420.7594,1458.0391
376.92474,396.50415,414.01526,423.74133,403.87964,436.5952,435.8114,449.9149,459.02353,474.67383,461.46844,459.61615,453.2578
3872.4617,4033.5845,4142.1953,4364.8203,4333.016,4464.791,4415.862,4505.632,4386.713,4485.6694,4451.3867,4642.629,4653.8623
2632.0361,2653.915,2698.9578,2703.0596,2678.6252,2719.6892,2674.5242,2606.239,2646.9995,2658.0432,2549.7957,2640.5056,2678.5256
1003.3103,1067.5239,1084.1895,1112.871,1087.3143,1212.115,1170.0776,1195.9857,1181.5491,1243.4939,1244.8483,1269.5663,1268.9648
1447.1721,1482.9296,1502.8436,1495.5002,1435.1353,1519.049,1538.5078,1657.9952,1670.1042,1654.3999,1629.0188,1671.4286,1725.5906
1174.5024,1284.3025,1335.8219,1368.0443,1318.0881,1362.0889,1299.1431,1306.4429,1351.2031,1405.9741,1349.9674,1370.7405,1335.7319
790.90546,811.6942,804.91565,830.20514,830.1697,899.5825,872.3087,869.4593,869.44525,883.3448,862.92957,872.085,870.5088
2381.2266,2462.2031,2427.3794,2442.4836,2446.7346,2686.9744,2558.7554,2617.2585,2661.54,2664.6584,2598.734,2637.281,2638.8296
1106.3895,1123.3242,1073.4823,1099.4965,1064.0544,1415.9019,1215.4077,1197.266,1185.6918,1219.8364,1152.3538,1181.2356,1257.7297
4379.997,4452.447,4480.5376,4554.6055,4474.447,4443.955,4453.0835,4395.376,4383.2246,4296.474,4212.7314,4310.228,4310.4272
16205.09,16436.146,16336.788,15980.867,16098.637,16375.028,16555.588,16096.169,16162.736,16518.889,16671.807,16285.558,16290.228
21673.088,21792.52,22218.365,22353.652,22261.857,23299.826,22698.02,22730.07,22905.629,22457.016,22816.254,22168.303,22787.049
3231.534,3238.2449,3255.1216,3222.2056,3193.2903,3232.3472,3280.414,3266.8416,3215.5842,3231.8574,3237.1611,3266.6436,3221.745
6769.8247,6805.4604,6819.272,6878.384,6895.6265,7031.473,6956.356,6907.0425,6874.383,6911.6694,6908.0527,6914.8022,6947.333
8556.619,8537.389,8459.996,8494.122,8535.617,8494.626,8480.071,8440.388,8535.313,8562.375,8501.088,8481.815,8570.718
12305.351,12260.214,12247.911,12225.043,12222.747,12223.4795,12211.779,12150.516,12208.112,12194.275,12170.106,12152.44,12207.058
5882.792,5872.613,5909.2085,5892.9346,5866.438,5880.0176,5945.528,5892.0317,5834.482,5857.177,5888.5127,5894.306,5838.8223
1917.3751,1916.1615,1912.837,1909.7201,1901.3079,1906.4004,1911.9601,1902.7122,1899.2976,1901.1349,1889.2788,1883.2203,1898.873
2543.05,2700.6826,2850.6716,2753.7498,2533.9456,2492.836,2531.9678,2497.7117,2485.9958,2589.7026,2541.6926,2722.4165,2684.0735
4018.6177,4019.4927,4020.3142,4020.0044,4020.6196,4022.0637,4024.093,4021.8325,4023.4072,4024.236,4025.823,4022.387,4023.6763
2110.7847,2116.2683,2115.277,2110.538,2105.9568,2116.9949,2124.1338,2113.0608,2098.2527,2103.684,2113.143,2110.435,2116.0405
6831.562,6584.5566,7100.6807,6930.9897,6772.302,6304.551,6727.7344,6626.876,7152.3477,7036.883,6983.0,6815.4775,6911.082
626.4926,618.2328,540.6099,520.4436,543.45966,551.3779,660.9432,584.0734,564.18536,605.6546,476.77936,638.7242,557.3805
4696.823,4670.545,4721.895,4704.3545,4686.996,4640.388,4683.8555,4674.6504,4726.1885,4716.9526,4710.7334,4692.727,4701.4824
4395.2163,4394.7515,4392.1514,4395.3145,4398.5645,4399.3423,4394.61,4394.78,4403.761,4400.4233,4388.2236,4390.4775,4398.3843
2258.2476,2215.3337,2235.9346,2160.1733,2069.7104,2177.0972,2149.2449,2155.4756,2149.6123,2166.8176,2090.9236,2164.7068,2144.8552
3850.5906,3816.6772,3825.6975,3856.2417,3835.95,3811.1338,3855.94,3852.6245,3835.58,3841.8823,3761.8274,3819.596,3791.5994
2146.568,2121.3457,2126.9055,2113.8503,2068.5488,2106.2212,2163.2686,2201.938,2166.7744,2181.214,2145.0657,2198.266,2201.1387
2128.7002,2111.978,2131.6567,2138.4146,2124.621,2149.2185,2190.3784,2231.7288,2197.9722,2194.681,2174.0105,2223.3833,2230.0757
3041.0127,3028.918,2961.2087,2926.4614,2845.219,2925.2312,3076.1602,3104.6003,3007.6504,2979.011,2954.6296,3077.9856,2987.4731
1340.3145,1332.0057,1333.3011,1329.4484,1302.1125,1321.0413,1359.499,1386.016,1359.4548,1382.6172,1353.2639,1401.2856,1393.2227
1293.4805,1294.6117,1310.5103,1327.0702,1304.9451,1324.1135,1346.7905,1378.8116,1337.7281,1339.8253,1324.2767,1366.9839,1366.4049
7828.2017,7811.216,7833.0903,7845.8223,7796.558,7797.625,7843.827,7772.363,7791.126,7716.482,7662.908,7693.554,7614.791
7566.5645,7533.908,7564.5845,7585.3647,7496.6055,7520.0854,7555.5244,7485.555,7510.086,7398.697,7358.4194,7379.3745,7284.777
975.06104,965.86523,972.9743,976.3645,968.67004,958.28156,960.19855,960.31305,959.3961,961.28876,966.74896,967.5942,968.4992
6460.698,6528.0454,6506.1255,6532.4106,6463.986,6586.467,6585.0854,6488.628,6456.096,6501.9395,6395.5234,6363.2095,6410.8887
808.5418,799.6222,804.77893,798.47327,787.3644,792.952,811.815,823.6052,816.16437,807.7657,802.2823,808.2559,812.2231
8325.53,8226.24,8265.503,8251.495,8236.595,8355.041,8478.319,8574.463,8581.95,8547.415,8480.941,8538.916,8601.281
11021.827,11097.482,11129.218,10911.95,10812.159,11078.56,11040.776,10850.055,10699.273,10796.032,10683.906,10579.785,10705.882
3228.4067,3222.6614,3217.7493,3217.724,3238.5686,3283.9124,3258.6946,3239.2224,3271.3337,3265.6667,3228.9177,3215.2695,3257.8667
1294.8611,1286.7097,1288.6432,1285.2251,1260.6184,1278.0354,1316.3295,1339.8696,1314.7975,1337.4318,1309.1646,1356.353,1347.9409
1250.0197,1251.8324,1267.0212,1281.1283,1260.4169,1277.5424,1299.9885,1329.1655,1289.6316,1291.5269,1277.1925,1318.4365,1317.7225
5437.54,5437.877,5466.135,5449.925,5451.0024,5446.4487,5473.045,5421.46,5452.303,5451.273,5484.2217,5439.347,5452.081
1788.5459,1794.6631,1807.1216,1801.8417,1810.8279,1750.356,1756.3258,1762.5914,1767.6438,1774.7915,1779.7308,1800.522,1813.9039
2159.0977,2172.0247,2161.8118,2154.5898,2170.4998,2216.3506,2196.8345,2194.8333,2191.8992,2203.1223,2189.4097,2199.2925,2201.8213
334.5074,333.47083,335.80185,334.3787,329.77722,332.27646,336.53427,332.0767,329.5596,331.70282,329.9742,331.73227,328.34583
566.273,563.79694,559.941,559.7732,560.0846,557.87256,559.34143,563.1939,568.40436,566.44745,564.07874,565.8395,563.05927
1154.7839,1553.921,1599.812,1487.954,1497.9587,1641.5026,1754.6781,1309.3966,1804.8307,1865.5934,1766.1829,1476.0901,1512.4353
10391.027,10282.653,10145.41,10103.82,10125.222,10282.413,10354.241,10207.778,9925.328,9932.553,10027.995,10191.723,10167.758
2199.8987,2200.1506,2198.0903,2201.6184,2188.6448,2190.904,2199.7764,2202.0505,2189.6401,2198.2012,2193.046,2201.6309,2193.0247
7844.0347,7823.6636,7826.8623,7819.1045,7811.9287,7811.2407,7811.8677,7781.6606,7815.4907,7803.9683,7809.1587,7783.4463,7791.2163
9770.717,9917.062,9832.389,9808.258,9683.122,9863.452,9830.181,9714.66,9560.756,9797.679,9717.023,9655.079,9633.046
15066.462,14671.478,14489.434,14260.21,13854.376,13778.823,13722.6045,13988.447,14034.344,14279.987,14483.6,14795.198,14595.08
7803.167,7697.8394,7311.3955,7348.4136,7254.7266,7554.4653,7655.2734,7819.9697,7777.628,8001.7153,7904.4175,8030.811,7953.282
17588.41,17237.717,16683.125,16434.023,16345.026,16841.736,16788.035,16749.533,16698.66,16983.365,16854.28,17071.996,17238.727
1763.0219,1659.1829,1725.3057,1628.5618,1691.9769,1619.5076,1729.4509,1689.9475,1790.546,1727.7393,1796.3616,1692.5718,1757.6831
1503.5001,1483.1074,1443.083,1491.6499,1468.5969,1430.4635,1473.436,1529.013,1494.9172,1512.0159,1483.0187,1513.8002,1518.3914
2911.5066,2951.585,2830.4573,2798.516,2696.3813,2764.9077,2684.477,2611.0723,2703.8594,2614.6377,2448.975,2506.623,2536.1443
3110.2734,3069.33,2923.4714,2869.5725,2931.267,2966.3828,3099.73,2974.0244,2841.375,2908.143,2912.9023,3028.0117,2656.759
5097.1895,5361.1094,5732.9473,5386.185,5323.9326,5628.9375,5853.3813,5468.2603,4875.5806,4778.111,5585.7876,5392.8213,4528.8486
3776.7446,3960.3667,3925.2803,3841.3003,3882.4575,3769.2231,3964.5999,3565.7021,3638.0544,3511.9795,3400.4407,3523.3323,3304.037
3475.0366,3364.5278,3143.3389,3088.0498,3127.69,3266.6716,3385.542,3116.2017,2906.201,2897.4395,2942.2231,3163.3157,2809.664
1852.7153,1851.4066,1805.9684,1772.6167,1816.1432,1775.2972,1885.8049,1806.668,1767.1833,1758.6039,1751.4746,1769.017,1638.5835
2522.968,2611.6108,2596.774,2566.8738,2545.7102,2501.2217,2647.7266,2487.2844,2519.473,2523.0444,2571.7346,2535.8896,2522.9182
3002.301,2809.396,2419.8918,2603.9622,2649.8396,2691.301,3017.2073,2950.9272,2427.0444,2457.0193,2549.017,2889.386,2674.1445
5612.0737,5727.597,5544.6455,5459.4062,5650.1797,5500.32,5797.259,5400.1597,5237.7236,5342.205,5377.011,5513.6816,4935.1963
3047.4268,3012.152,2986.0957,2879.7769,2942.684,2934.0344,3086.3826,2915.47,2836.9375,2839.5806,2837.0017,2898.6072,2642.8762
3371.3606,3516.597,3706.6035,3513.817,3241.4895,3310.3054,3414.4,2941.5464,2921.3767,2800.4197,2849.345,2777.903,2665.7388
2552.436,2617.513,2550.0513,2513.3652,2601.8958,2503.4944,2623.6365,2484.2444,2423.4297,2477.0823,2501.0742,2541.4497,2321.2114
3500.213,3492.4202,3378.4736,3236.641,3344.5452,3376.5295,3495.6997,3317.4438,3166.5325,3108.1245,3185.6985,3326.4612,2934.5806
2312.3267,2368.39,2335.7275,2300.6409,2397.6746,2311.628,2437.1355,2304.772,2261.8428,2288.9778,2284.972,2320.98,2141.1467
5752.3965,5758.4614,5663.3306,5597.936,5600.854,5510.654,5864.5684,5647.086,5402.7017,5425.144,5544.636,5581.4414,5233.747
4755.8076,4733.9395,4614.8145,4533.9136,4632.655,4500.412,4776.976,4417.441,4342.9697,4244.659,4220.9365,4365.4814,4140.4375
4831.3135,4758.914,4514.0645,4397.5225,4420.536,4451.6216,4708.508,4590.0317,4339.0264,4273.766,4361.744,4526.2573,4043.2686
4101.9844,3862.3047,3793.0847,3586.3596,3557.196,3540.098,3811.426,3635.8513,3407.7886,3451.7822,3758.2783,3696.0042,3460.9146
2075.9312,2192.4492,2104.6836,2122.033,2177.599,2238.5952,2350.6934,2119.9656,2098.3682,2023.596,1952.0725,1876.944,1917.1498
7640.624,7348.3438,7174.263,7247.1504,7195.141,6906.0757,7378.3467,7045.294,6504.493,6305.4644,6594.4893,6719.647,6575.0337
5116.4478,4898.911,4886.2456,4808.2007,4601.6187,4639.2056,4905.6616,4490.4067,4110.9497,4175.6396,4664.3076,4580.5376,4370.6934
2853.9458,2837.634,2879.7493,2801.409,2855.3833,2689.6511,2959.2898,2703.6096,2693.2273,2726.2114,2798.872,2728.458,2612.931
3829.4165,3932.1897,4079.9155,3954.7551,4069.6973,4109.8154,4549.868,4162.6724,4001.7747,4134.953,4401.9453,4264.8257,3995.443
3550.5574,3590.371,3672.6858,3684.3647,3601.686,3640.248,3823.0913,3669.7192,3736.678,3717.0332,3449.3674,3512.374,3318.2644
2363.5278,2328.8276,2371.7412,2253.428,2267.502,2160.255,2346.4194,2123.4172,2153.404,2103.4128,2236.533,2092.0708,2035.7056
1988.6476,1948.2395,1871.6486,1932.2078,1944.8477,1825.478,1964.7488,1889.6057,1850.2019,1771.1592,1769.5703,1887.5781,1738.9916
5828.959,5824.2773,5667.7275,5398.061,5202.655,5398.2627,5577.8735,5267.1074,5184.7393,5247.5796,5434.462,5379.435,5254.1353
2249.828,2230.893,2209.0103,2109.5247,2109.1167,2086.2627,2209.8425,2128.6702,2140.3848,2131.3604,2198.6262,2158.7456,2128.4363
4377.5454,3938.298,3599.64,3593.9668,3547.711,3736.733,4337.919,4165.8096,3537.3022,3417.358,3595.786,4042.226,3933.0642
2436.1113,2374.4695,2302.849,2253.4807,2271.8303,2306.4167,2338.072,2149.9202,2190.0244,2301.1528,2336.7834,2367.3398,2291.3083
3174.244,3193.1255,3501.9785,3305.7441,2995.402,3080.0051,3432.3076,3243.3984,3112.8125,3209.747,3566.4194,3386.8804,3044.9624
3943.4954,3757.2607,3364.7158,3216.5186,3185.9253,3567.444,3499.5051,3307.0288,3093.5864,2851.9866,2920.7188,3323.3218,3015.869
8294.221,8339.917,7575.5728,7366.6035,7651.231,8087.356,8185.2554,8136.2324,7488.8945,7895.4062,8275.449,8730.12,7467.101
2414.562,2353.4639,2166.2017,2194.0154,2343.8188,2214.5303,2324.4941,2333.721,2117.0403,2243.1206,2432.7698,2433.4395,2037.636
9098.179,8607.883,8429.295,8079.492,8190.134,8320.109,8772.146,8348.311,8139.884,8202.123,8470.47,8500.6455,7669.0874
3383.9426,3351.9092,3319.2178,3238.6045,3223.419,3263.6086,3441.7405,3260.3645,3163.884,3143.5176,3230.6304,3260.4893,3027.5034
5930.1646,5812.3696,5660.0337,5442.61,5547.506,5583.7773,5826.707,5450.056,5260.5225,5310.0503,5404.393,5487.4697,5082.9272
3090.6243,2998.7607,2956.5444,2947.4255,2945.5771,2886.0317,3018.0808,2871.558,2831.0044,2860.2068,2833.706,2925.0427,2744.9377
2392.7522,2287.467,2298.734,2291.8787,2225.3281,2224.9834,2346.8708,2274.2317,2172.5742,2219.5571,2249.0461,2358.1477,2152.7747
3416.6572,3287.5408,3328.3872,3340.0837,3261.8933,3392.8225,3571.249,3530.9253,3388.222,3353.2688,3403.1575,3548.151,3250.0327
3828.3564,3790.693,3638.375,3421.0745,3422.8042,3596.8699,3734.0168,3652.6982,3604.2285,3679.6348,3724.0486,3774.363,3418.9395
1746.3103,1690.7314,1500.0184,1476.9231,1570.7488,1625.6189,1694.7192,1443.6202,1265.8368,1326.6594,1407.547,1544.6353,1355.9286
1613.0742,1652.7477,1599.9487,1526.929,1557.1035,1573.3317,1595.5881,1527.0095,1537.4702,1599.1177,1596.9547,1584.9088,1505.3009
2097.4373,2106.0776,2113.5806,2086.6692,2087.322,2030.1205,2163.7402,2050.0825,2031.4349,2041.3204,2099.3586,2006.1382,1949.0516
3885.144,3750.921,3750.827,3685.165,3702.4993,3630.1968,3840.1611,3671.9102,3599.8503,3555.8096,3582.9631,3663.2527,3415.589
5944.482,5864.435,5708.957,5612.565,5752.0044,5635.981,6004.7227,5802.293,5584.209,5553.778,5602.1416,5717.2856,5308.027
5123.163,5009.922,4786.4805,4623.275,4613.7236,4783.081,4903.485,4627.7383,4445.533,4483.7256,4499.0635,4694.734,4196.006
1228.7372,1130.0522,1122.0604,1081.0796,1077.0345,1097.4692,1222.32,1160.1066,1078.352,1107.6179,1224.2367,1199.167,1133.6128
3634.4531,3594.4539,3580.316,3456.0605,3496.6792,3475.3774,3676.377,3355.3757,3273.6562,3220.6978,3266.5623,3311.2827,3088.6013
3587.9316,3533.8643,3333.9658,3331.4458,3470.7615,3396.335,3558.2393,3268.0938,3012.8044,3092.1616,3214.8394,3263.8765,2900.1433
3127.0051,3021.8684,2967.1392,2909.3591,2895.4238,2963.4253,3089.253,2949.9856,2829.7363,2738.2588,2570.0308,2670.8684,2644.1409
6270.4624,6457.739,6436.0513,6496.8926,6629.0596,6273.938,6715.6636,6112.047,6054.578,5842.1885,5816.9453,5938.911,5417.708
3691.2993,3717.7576,3697.8306,3583.3835,3668.1711,3616.8184,3865.6165,3689.7861,3605.0952,3603.0027,3585.771,3694.6501,3399.3828
4381.7876,4514.9565,4325.4272,4448.3604,4214.8525,4149.864,4192.023,4036.4175,3639.093,3807.7913,4044.2712,4085.4934,3944.688
3497.053,3556.9004,3522.287,3501.8223,3391.2195,3461.8262,3393.601,3280.664,3383.5632,3382.927,3365.1184,3207.483,3253.381
5284.147,5173.1094,5012.1006,4884.2534,4959.0386,5052.224,5219.676,4991.3813,4668.4297,4958.9375,5223.9775,5316.28,4951.9155
1816.3735,1855.2438,1858.1763,1822.2941,1802.5217,1729.5345,1829.8275,1672.4902,1682.8229,1639.8767,1633.8032,1631.2806,1552.9392
1358.6807,1382.2723,1369.1301,1361.5062,1318.1577,1345.8247,1319.3405,1275.2424,1315.208,1315.0607,1307.9673,1246.8019,1264.6593
1764.2021,1679.1406,1661.9374,1665.1849,1652.3037,1666.1205,1717.4463,1653.9373,1616.7374,1572.8092,1562.7677,1640.6965,1477.1466
3262.3245,3179.7344,3175.4026,3114.4592,3177.6462,3189.1936,3343.9072,3187.9663,3074.0615,3064.9138,3189.3364,3261.441,2962.837
2815.8,2864.0952,2836.6829,2820.7756,2731.1792,2788.0486,2733.3467,2642.6594,2724.797,2724.3716,2710.3552,2583.7856,2620.0051
4389.3726,4287.821,4051.8413,4052.8184,4034.8147,4191.706,4349.0913,4033.7476,3825.3643,3698.0574,3685.817,3874.3625,3647.7913
3521.459,3540.8176,3468.6858,3440.4001,3494.7417,3415.0598,3578.9421,3425.3987,3385.734,3387.8748,3344.2324,3384.2065,3190.5647
5545.8706,5200.39,5111.6943,5112.1772,5096.657,5136.3887,5478.587,5160.815,4843.7866,4859.519,5049.713,5250.421,4791.199
3748.8293,3674.0557,3569.2751,3594.6982,3640.2917,3502.563,3675.4116,3449.152,3316.7776,3276.8901,3259.8335,3374.336,3114.5747
